OBJECTID,COUNTYFP10,TRACTCE10,BLKGRPCE10,GEOID10,NAMELSAD10,GEOID10_1,PICK_GEOID,BGPICKLIST,BGTITLE,GEOID_NUM,POPDENS,SWTORD,V_PER_SQMI,P_PER_SQMI,D_PER_SQMI,AREA_SQMI,LUDIVERSE,R_AVGYR,PCTSSI,POP,PCTLATINO,PCTWH_NL,PCTBLK_NL,PCTASIANNL,PCTOTHERNL,RE_DIVERSE,MEDAGE,PctUnd18,Pct65Up,MHI,PCI,PCTRENT,PCTUNFRENT,PCTUNFOWN,PCTC30,PCTDRALONE,PCTBIKEWK,PCTWLKWK,PCTWRKHM,PCTR_GRCR,PCTR_PHARM,PCTR_BANK,PCTR_BUSST,DAYTRIPS,EVETRIPS,TREE_PCT,IMP_PCT,id,AREA_SQMI_,CVALPSM_12,RVALPSM_12,ACODEV_12,WCODEV_12,RCODEV_12
151,63,980100,1,370640000000,Block Group 1,370640000000,153 - 370639801001,"153 - Tract: 980100, BG: 1",153 - 9801001,370640000000,0,5.5,0,4,0,8.23584,55.8,0,0,4,75,0,25,0,0,50,54.5,25,0,0.00,0.00,0,0,0,0,100,0,0,0,0,0,0,0,71,17,0,0,151,8.23584,10200908.00,198043.00,0,0,0
1,63,2007,2,370630000000,Block Group 2,370630000000,101 - 370630020072,"101 - Tract: 002007, BG: 2",101 - 0020072,370630000000,1795,27.2,9,41,4,1.28474,12.6,1982,0,2306,6.4,57.5,29,4.1,3,58,49.7,20.2,13.1,61538.00,43006.00,32.4,37.3,41.0999985,23.5,82.3,0,7.3,5.6,24.3,15.5,24.3,24.3,81,11,65,20.2,1,1.28474,18612.00,218233.00,0.4,0.4,0.1
2,63,301,3,370630000000,Block Group 3,370630000000,10 - 370630003013,"10 - Tract: 000301, BG: 3",10 - 0003013,370630000000,7484,88.8,89,267,30,0.10114,14.1,1950,0.9,757,18,58,16.6,3,4.4,60.2,35.2,18.8,4.6,43375.00,29498.00,71,30.7,28.7000008,36.1,50.5,8.3,12,6.9,0,0,0,100,53,11,68.1,27.8,2,0.10114,0.00,5229636.00,0,1.6,0.6
3,63,2100,3,370630000000,Block Group 3,370630000000,149 - 370630021003,"149 - Tract: 002100, BG: 3",149 - 0021003,370630000000,97,0,1,2,0,19.48518,42.5,1978,4.4,1899,3.5,81.4,13.1,0.4,1.6,31.9,51.8,19.6,17,79188.00,48043.00,13.2,11.8,29.3999996,48.8,84.8,0,0,2.5,0,0,0,0,0,0,0,0,3,19.48518,0.00,37733.00,0,0,0
4,63,1502,2,370630000000,Block Group 2,370630000000,47 - 370630015022,"47 - Tract: 001502, BG: 2",47 - 0015022,370630000000,15353,31,135,165,60,0.06669,40.8,2006,1.9,1024,7.8,63.6,2.3,23.3,2.9,53.5,26.2,2.1,0.3,11960.00,16322.00,1,70.6,0,9.6,46.6,0,42.2,0,0,0,100,100,106,22,24,67,4,0.06669,3622319.00,1124483.00,0,0,0
5,63,1900,2,370630000000,Block Group 2,370630000000,99 - 370630019002,"99 - Tract: 001900, BG: 2",99 - 0019002,370630000000,123,1.5,0,1,0,17.25084,32.2,1994,2.1,2118,5.6,76.8,12.2,3.5,1.9,39.1,36.7,20.9,9.5,80424.00,39445.00,14.5,19.5,23.7000008,35,87.2,0,0,5.5,0,0,0,0,0,0,0,0,5,17.25084,0.00,57460.00,0,0,0
6,63,1900,1,370630000000,Block Group 1,370630000000,98 - 370630019001,"98 - Tract: 001900, BG: 1",98 - 0019001,370630000000,81,0.8,0,3,0,9.04629,43,1965,10.2,729,7.8,83.4,5.2,2.5,1.1,29.5,59.4,18,20.3,51875.00,38671.00,15.6,0,37.2999992,23.8,82.2,0,0,4.5,0,0,2.8,0,0,0,0,0,6,9.04629,107924.00,36345.00,0,0,0
7,63,700,1,370630000000,Block Group 1,370630000000,25 - 370630007001,"25 - Tract: 000700, BG: 1",25 - 0007001,370630000000,2000,115.8,70,298,56,0.35892,61.9,1928,7.2,718,6,51.8,38.3,1.5,2.4,58.2,48.3,7.5,22.7,20221.00,22229.00,85.4,69.7,51.2000008,20.7,59.9,7.9,6.4,4.1,15.6,0,79.9,100,809,180,30.9,49.7,7,0.35892,6932608.00,2363039.00,0.6,1.4,0.6
8,63,1601,1,370630000000,Block Group 1,370630000000,51 - 370630016011,"51 - Tract: 001601, BG: 1",51 - 0016011,370630000000,188,11.1,2,5,0,5.96772,28.6,1983,0,1124,5.4,72.4,17.2,2.6,2.4,44.2,46.8,18.8,23,78611.00,34005.00,13,26.8,38.9000015,52.8,71.5,0,0,13.6,0,0,0,0,0,0,0,0,8,5.96772,67926.00,337286.00,0,2.1,0
9,63,1604,1,370630000000,Block Group 1,370630000000,58 - 370630016041,"58 - Tract: 001604, BG: 1",58 - 0016041,370630000000,1029,16.8,1,14,0,1.92322,15.2,1987,1.3,1979,3.9,79.1,11.3,3.2,2.4,35.9,46.1,21.7,18.5,79861.00,40606.00,5,100,20.5,31.4,76.8,1.6,0,9.7,0,0,0,0,0,0,76.6,12.8,9,1.92322,0.00,167117.00,0.3,0.9,0.1
10,63,2018,2,370630000000,Block Group 2,370630000000,120 - 370630020182,"120 - Tract: 002018, BG: 2",120 - 0020182,370630000000,1534,27,14,116,2,1.76087,15.6,1987,0,2701,7.6,59.1,20.5,9.4,3.6,59.4,28.2,12.1,7.1,40389.00,27251.00,66.7,51.6,36.7999992,18.7,67.1,0,0,5.1,16,16,16,40.8,74,11,63.5,25.7,10,1.76087,455251.00,6651943.00,0,0.3,0.4
11,63,1707,2,370630000000,Block Group 2,370630000000,67 - 370630017072,"67 - Tract: 001707, BG: 2",67 - 0017072,370630000000,974,21,16,92,9,1.64417,35.1,1976,3.7,1601,4.8,79.5,10.5,2.6,2.7,35.5,37.9,19.9,17.9,60966.00,31660.00,18.3,3,40.9000015,22.2,86.6,0,0,5.9,16.6,0.6,1.4,29.1,79,11,48.6,29.9,11,1.64417,124186.00,212163.00,0.3,0.6,0
12,63,1801,1,370630000000,Block Group 1,370630000000,80 - 370630018011,"80 - Tract: 001801, BG: 1",80 - 0018011,370630000000,1060,13,9,38,1,1.78385,17.9,1983,0,1890,13.7,26.8,56.3,0.4,2.8,59.2,35.1,29.1,7,58523.00,21979.00,14.6,48,12.6000004,11.2,74.3,0,0,6.8,0.4,0.4,0,18.3,53,11,64.5,18.1,12,1.78385,0.00,353323.00,1.2,6,0.2
13,63,1708,1,370630000000,Block Group 1,370630000000,71 - 370630017081,"71 - Tract: 001708, BG: 1",71 - 0017081,370630000000,1590,25.5,16,86,2,2.50882,9.9,1990,5.1,3989,8.2,10.4,76.9,1.5,2.9,39.1,32.9,27.4,12.2,43981.00,19228.00,41.6,39.6,33.0999985,40.4,88.7,0,0.8,3.8,22.2,21.3,21.8,25,26,12,59.8,22.7,13,2.50882,2192.00,1802825.00,0.8,1,0.4
14,63,2021,1,370630000000,Block Group 1,370630000000,127 - 370630020211,"127 - Tract: 002021, BG: 1",127 - 0020211,370630000000,1570,47.1,10,320,5,1.92073,29.1,1993,0.6,3016,4.9,55.8,25.3,11.2,2.8,60.9,31.9,14.6,6.3,38551.00,33160.00,67.3,59.8,51.4000015,14.3,76.2,0,2.3,11.5,25.6,50.7,14.9,87.9,81,11,43.4,37.4,14,1.92073,6177905.00,535802.00,0,0.2,0
15,63,2021,2,370630000000,Block Group 2,370630000000,128 - 370630020212,"128 - Tract: 002021, BG: 2",128 - 0020212,370630000000,3417,37.4,24,109,10,0.41437,9.9,1996,0,1416,11,29.5,46.4,10.2,2.9,67.5,36.9,31.6,8.5,89896.00,39121.00,17.1,70.5,33.2999992,22.8,86.3,0,0,0,0,32.9,0,76.1,81,11,52.7,31.2,15,0.41437,716891.00,7381658.00,0,0.4,0
16,63,2022,1,370630000000,Block Group 1,370630000000,129 - 370630020221,"129 - Tract: 002022, BG: 1",129 - 0020221,370630000000,3827,29.8,17,149,13,0.47605,15.5,1988,6.2,1822,6.8,41.1,42,7.5,2.7,64.5,30.2,15,6,43034.00,30826.00,79.7,51.8,11.8000002,20.5,86.7,0,0,0.9,26.1,79.5,23.5,87.4,81,11,47.4,32.3,16,0.47605,0.00,14704.00,0,0.1,0.1
17,63,2022,2,370630000000,Block Group 2,370630000000,130 - 370630020222,"130 - Tract: 002022, BG: 2",130 - 0020222,370630000000,4715,25.5,13,95,8,0.52703,1.2,1994,0,2485,11,52.2,28.2,5.5,3.1,63.2,33,21.1,10.1,65114.00,32882.00,32.2,81.6,21.2999992,15.5,86.6,0,0,3.2,0,38.4,33.9,45.5,81,11,50.5,36.2,17,0.52703,0.00,1374837.00,0,0.2,0.1
18,63,2023,1,370630000000,Block Group 1,370630000000,131 - 370630020231,"131 - Tract: 002023, BG: 1",131 - 0020231,370630000000,3339,16.2,11,129,11,0.35787,3,1985,0,1195,6.2,62.6,25,2.9,3.3,54.1,27.6,19.2,5.5,51691.00,33340.00,60.4,35.2,18.2999992,7.5,91.1,0,0,7.3,0,0,0,89.1,134,11,63.1,18.1,18,0.35787,568679.00,221503.00,0.3,0.2,0
19,63,1604,3,370630000000,Block Group 3,370630000000,60 - 370630016043,"60 - Tract: 001604, BG: 3",60 - 0016043,370630000000,380,6.2,1,8,0,4.80583,20.3,1985,0,1824,6.1,58.5,28.8,4.8,1.8,56.9,44.1,24.5,9.5,77500.00,29669.00,3.3,100,39.9000015,40.3,84.1,0,0,4.7,0,0,0,0,0,0,0,0,19,4.80583,0.00,89238.00,0,0,0
20,63,1603,4,370630000000,Block Group 4,370630000000,57 - 370630016034,"57 - Tract: 001603, BG: 4",57 - 0016034,370630000000,343,0,0,4,0,5.18823,16.7,1984,0,1782,3,87.3,6.4,0.9,2.4,23.2,45.3,23.7,11.4,95516.00,36385.00,2.2,0,26.7000008,53.8,88,0,1.5,5.7,0,0,0,0,0,0,0,0,20,5.18823,0.00,24390.00,0,0,0
21,63,1711,1,370630000000,Block Group 1,370630000000,77 - 370630017111,"77 - Tract: 001711, BG: 1",77 - 0017111,370630000000,1475,36,15,81,1,0.88503,29.6,1977,7.4,1305,29.6,29.1,37.3,1.5,2.5,68.8,27.6,21.9,6.4,31387.00,16244.00,69.1,57.3,58.0999985,23.3,83.9,0,4.5,0,57.6,55.1,66,62.8,53,11,65.7,17.3,21,0.88503,0.00,3326778.00,0.2,1.2,0
22,63,1603,2,370630000000,Block Group 2,370630000000,55 - 370630016032,"55 - Tract: 001603, BG: 2",55 - 0016032,370630000000,1198,16.5,6,31,0,2.19065,24.4,1990,1.1,2624,5.9,58.6,25,7.6,2.9,58.5,37.9,27.3,8.9,88214.00,32694.00,1.5,0,21.7999992,27.5,80.5,0,0,2.8,0.5,0.6,0,13.1,26,0,66.8,16.7,22,2.19065,15441.00,1329816.00,0.1,1.3,0.1
23,63,1100,2,370630000000,Block Group 2,370630000000,38 - 370630011002,"38 - Tract: 001100, BG: 2",38 - 0011002,370630000000,4808,74.9,143,515,71,0.26578,63.3,1955,8.2,1278,19.6,6.7,71.6,0,2,44.4,31.7,25.3,11.9,21693.00,9576.00,78.6,60.4,65.9000015,24.3,61.8,0,0,0,89.1,0,0,100,156,52,26.5,54.9,23,0.26578,7905008.00,20519187.00,1.2,2.9,19.1
24,63,1802,2,370630000000,Block Group 2,370630000000,86 - 370630018022,"86 - Tract: 001802, BG: 2",86 - 0018022,370630000000,3880,1.8,74,167,19,0.4198,16,1979,1.5,1629,32.5,7.4,57.6,0.2,2.3,55.7,30.7,33,4.3,42308.00,16349.00,48.1,44.8,25.2000008,50.1,67.2,0,0,0,0,0,0,97.9,55,11,52.2,25.2,24,0.4198,0.00,360351.00,0.3,2.5,3.6
25,63,1801,3,370630000000,Block Group 3,370630000000,82 - 370630018013,"82 - Tract: 001801, BG: 3",82 - 0018013,370630000000,638,10.8,6,32,3,3.99984,21.6,1984,5,2550,16.7,19.9,61.4,0.5,1.6,55.6,35.3,28.9,7.8,49012.00,22805.00,17.1,90.7,33.2000008,29.7,84.4,0,0,1.6,0,0,10.6,28.9,106,23,65.3,12.5,25,3.99984,0.00,1196948.00,0.2,3.3,0.8
26,63,1801,2,370630000000,Block Group 2,370630000000,81 - 370630018012,"81 - Tract: 001801, BG: 2",81 - 0018012,370630000000,1761,4.3,21,91,0,0.37369,18.1,1965,0,658,26.4,30.2,41.2,0.2,2,67,43.3,24.9,9.6,28588.00,13288.00,51.5,77.4,38.7000008,42.6,100,0,0,0,0,0,0,42.5,53,11,63.9,17.7,26,0.37369,0.00,84828.00,0.4,4.5,0.7
27,63,2023,2,370630000000,Block Group 2,370630000000,132 - 370630020232,"132 - Tract: 002023, BG: 2",132 - 0020232,370630000000,3034,33.1,24,128,2,0.53168,35.8,1986,0,1613,3.8,58.2,27.9,6.8,3.3,57.8,39.7,17,13.1,66326.00,32027.00,44.3,37.9,16.2999992,26.8,81,0,4.7,1.6,45.8,46.6,59.9,84.8,134,11,51.5,32.6,27,0.53168,1771760.00,172549.00,0,0.1,0
28,63,2024,1,370630000000,Block Group 1,370630000000,133 - 370630020241,"133 - Tract: 002024, BG: 1",133 - 0020241,370630000000,3021,49.9,2,49,2,1.18579,2.3,1997,0.8,3582,5.9,62.6,18,10.2,3.4,56.2,32.4,24,4.7,98894.00,45317.00,14.5,42,27.6000004,24.5,80.5,1.4,0,9.2,0,3,0.2,4.4,81,11,55.6,28.9,28,1.18579,0.00,6202493.00,0.1,0.2,0.2
29,63,2024,2,370630000000,Block Group 2,370630000000,134 - 370630020242,"134 - Tract: 002024, BG: 2",134 - 0020242,370630000000,4559,19.7,22,132,0,0.22657,0.6,1986,2.3,1033,3.9,75.6,14.6,2.6,3.3,40.5,33.3,12.3,8.3,53517.00,49645.00,34.1,29.6,19.3999996,13.5,81.8,0,0,3.8,0,0,0,83.1,79,0,61,25.9,29,0.22657,0.00,314934.00,0.1,0.1,0.1
30,63,2024,3,370630000000,Block Group 3,370630000000,135 - 370630020243,"135 - Tract: 002024, BG: 3",135 - 0020243,370630000000,4621,10.4,11,135,0,0.26682,0.3,1987,0,1233,3.8,71.5,19,4.1,1.5,44.9,40.8,13.1,12,85500.00,48355.00,27.7,25.3,12.8999996,21.8,73.5,1.1,0,12.8,0,23.3,14.7,51.2,79,0,56.3,30.7,30,0.26682,0.00,818263.00,0.1,0,0.1
31,63,2025,1,370630000000,Block Group 1,370630000000,136 - 370630020251,"136 - Tract: 002025, BG: 1",136 - 0020251,370630000000,2468,46.9,7,84,2,0.8567,6.5,1997,0,2114,10.1,32.4,41.2,14,2.3,69.6,33.3,26.3,7.2,63382.00,30868.00,6.7,26.4,44.5999985,27.9,90.9,0,0,1.2,0,0,0,67.7,108,22,54.8,28.9,31,0.8567,0.00,1156443.00,0.3,1.5,0.8
32,63,600,2,370630000000,Block Group 2,370630000000,23 - 370630006002,"23 - Tract: 000600, BG: 2",23 - 0006002,370630000000,3345,38.9,66,173,23,0.6661,26.2,1956,0.4,2228,43.3,34.4,17.5,3.4,1.3,66.2,37.5,25.6,6.4,55452.00,23931.00,56.8,42.7,24.2000008,30.9,53.1,1.3,2.6,5.1,43.5,0,0.3,71,74,11,68.5,24.1,32,0.6661,3680.00,366176.00,1.6,1.9,1.8
33,63,1710,2,370630000000,Block Group 2,370630000000,76 - 370630017102,"76 - Tract: 001710, BG: 2",76 - 0017102,370630000000,6418,6.9,97,248,21,0.33093,3.5,1981,4.6,2124,45,14.6,36.1,1.1,3.2,64.6,31.4,33,4.1,26917.00,15006.00,61.3,60.4,60.4000015,40.1,75.5,0,0,0,0,3.7,61,96.4,27,12,40.1,35.2,33,0.33093,0.00,25443.00,0.3,0.8,0.8
34,63,1705,1,370630000000,Block Group 1,370630000000,61 - 370630017051,"61 - Tract: 001705, BG: 1",61 - 0017051,370630000000,2055,18.7,17,73,15,0.78385,17.9,1966,5.4,1611,13.8,54.3,27.1,2.5,2.3,61.2,47.8,20.5,17.7,48333.00,26226.00,19.4,87.1,33.2999992,20.3,79.8,0,0,10.2,0,6.2,9,39,132,34,53.2,28.6,34,0.78385,1.00,49371.00,0.7,1.7,0.3
35,63,1711,3,370630000000,Block Group 3,370630000000,79 - 370630017113,"79 - Tract: 001711, BG: 3",79 - 0017113,370630000000,5108,35.1,90,287,6,0.30972,8.4,1981,6.4,1582,19.8,25.5,50.4,2.1,2.1,64.1,28.2,25.1,5.8,32168.00,18801.00,80.1,40.8,41.2999992,22.2,79.5,0,2.4,0,35.7,34.5,0,100,53,23,39.2,31,35,0.30972,0.00,493124.00,0.5,0.8,0.5
36,63,2017,1,370630000000,Block Group 1,370630000000,116 - 370630020171,"116 - Tract: 002017, BG: 1",116 - 0020171,370630000000,533,15.4,0,5,0,4.32945,11.7,1987,0,2308,3.2,81.4,5.7,7,2.7,32.8,46.1,26.3,13.1,115909.00,53581.00,6.3,26,27.3999996,10.1,88.9,0,0,7.5,0,0,0,1.5,0,0,74.7,10.7,36,4.32945,132074.00,1927061.00,0,0,0
37,63,2008,1,370630000000,Block Group 1,370630000000,103 - 370630020081,"103 - Tract: 002008, BG: 1",103 - 0020081,370630000000,1132,1.5,1,19,2,0.84807,14.8,1968,0,960,2.2,91.9,3,1.5,1.5,15.4,57.4,25.9,19.9,150192.00,69153.00,8.8,0,47.0999985,11.5,77.6,0,0,7.9,0,15.5,0,1.3,0,0,67.2,15.6,37,0.84807,0.00,4331249.00,0.3,1.3,0
38,63,1601,3,370630000000,Block Group 3,370630000000,53 - 370630016013,"53 - Tract: 001601, BG: 3",53 - 0016013,370630000000,915,1,5,19,0,1.85473,10.3,1972,4.5,1698,7.1,67.9,21.2,1.6,2.2,48.9,46,19.4,23.9,51620.00,24839.00,20.4,74.8,18.2999992,57.1,87.6,0,0,2.1,0,0,0,7.3,26,0,67.4,10.9,38,1.85473,0.00,42592.00,1.1,2.8,1.1
39,63,2025,2,370630000000,Block Group 2,370630000000,137 - 370630020252,"137 - Tract: 002025, BG: 2",137 - 0020252,370630000000,2816,37.2,13,87,5,0.8749,9.4,1992,1.1,2464,14.1,29.9,50,3.3,2.7,64,30.3,25.3,6.3,66533.00,34088.00,24,35.3,28.5,10.2,84,0,0,8.1,0,0,0,14.5,108,22,52.9,28.1,39,0.8749,4572.00,61039.00,0.1,1.7,0.1
40,63,2025,3,370630000000,Block Group 3,370630000000,138 - 370630020253,"138 - Tract: 002025, BG: 3",138 - 0020253,370630000000,2118,27.9,6,53,5,0.64199,12.3,1986,4,1360,14,40.7,39.2,3.2,2.9,66,33.3,24.2,6,40521.00,21687.00,37.7,50.5,36.2999992,13,74.7,0,0,0,0,0,4.7,36.4,33,11,66.6,18.5,40,0.64199,0.00,40301.00,0.8,1.5,0.2
41,63,2026,1,370630000000,Block Group 1,370630000000,139 - 370630020261,"139 - Tract: 002026, BG: 1",139 - 0020261,370630000000,3811,48.8,35,133,24,0.59439,8,1994,13.2,2265,14.1,11.2,67.1,5.6,1.9,51.4,37.1,28.1,11.1,38153.00,18009.00,40,74.8,56.9000015,38.4,70.6,0,7.4,2.3,18.3,7.3,0,78.1,108,22,44.1,37.7,41,0.59439,0.00,6685395.00,0.4,1.7,1.4
42,63,2027,2,370630000000,Block Group 2,370630000000,142 - 370630020272,"142 - Tract: 002027, BG: 2",142 - 0020272,370630000000,1225,46.9,18,86,9,3.39979,41.6,1997,0.7,4164,7,37.5,41.4,10.5,3.6,67.1,28.8,21.8,5.3,49977.00,29601.00,58.8,50.9,18.1000004,16.7,83.7,1,0,0.4,0.1,5,0.5,32.8,59,11,53.6,26.1,42,3.39979,1785052.00,9085547.00,0,0.4,0.2
43,63,2027,3,370630000000,Block Group 3,370630000000,143 - 370630020273,"143 - Tract: 002027, BG: 3",143 - 0020273,370630000000,5544,40.3,41,383,7,0.29492,75,1981,1.2,1635,6.6,22.4,54.7,13.3,3,62.9,29.5,14.5,3.2,31901.00,25750.00,99.2,44.9,0,23.4,87.3,0,0,0,99.7,34.3,27.2,100,26,0,62.4,23.3,43,0.29492,0.00,0.00,0,0,0.1
44,63,2028,1,370630000000,Block Group 1,370630000000,144 - 370630020281,"144 - Tract: 002028, BG: 1",144 - 0020281,370630000000,517,33.3,2,18,1,4.34472,19.2,2001,0,2246,7.7,43.8,33.7,12.1,2.8,67.4,35.1,26.1,5.1,74663.00,33747.00,10.8,66.7,27.1000004,32.6,87.7,0,0,6.4,15,16.9,10.7,23.8,12,6,62.1,19.3,44,4.34472,561926.00,1097068.00,0,0.1,0.1
45,63,2028,2,370630000000,Block Group 2,370630000000,145 - 370630020282,"145 - Tract: 002028, BG: 2",145 - 0020282,370630000000,3171,14.4,16,86,0,0.37308,24,2003,0,1183,11.4,40.7,38.8,6.3,2.8,66.7,29.9,14.3,2.7,43068.00,31334.00,98,24.7,0,28.2,64.2,0,0,1.7,91.4,91.4,0,91.4,12,6,45.4,30.6,45,0.37308,0.00,0.00,0,0,0
46,63,2028,3,370630000000,Block Group 3,370630000000,146 - 370630020283,"146 - Tract: 002028, BG: 3",146 - 0020283,370630000000,685,45.2,6,45,1,3.75231,41.8,2007,0,2572,6.3,41.1,35.1,13.9,3.7,68.4,29.9,13.5,1.9,60432.00,42169.00,89.2,22.7,35.5,5.9,93.9,0,0,0,0,0,12.4,0,0,0,0,0,46,3.75231,1666321.00,7586621.00,0,0,0
47,63,1603,1,370630000000,Block Group 1,370630000000,54 - 370630016031,"54 - Tract: 001603, BG: 1",54 - 0016031,370630000000,831,21.8,3,12,1,0.7679,17.3,1969,0,638,8.6,71.8,17.2,1.1,1.3,44.8,57.3,21.9,20.2,65341.00,38031.00,0,0,12.8000002,36.1,94.7,0,0,0,0,0,0,0,0,0,79,9.8,47,0.7679,0.00,196499.00,0,2.2,0
48,63,1709,3,370630000000,Block Group 3,370630000000,74 - 370630017093,"74 - Tract: 001709, BG: 3",74 - 0017093,370630000000,1696,50.9,46,202,17,2.45478,35.5,1983,11.8,4163,12.1,17.2,67.3,1,2.3,50.2,26,31.9,11,24458.00,13359.00,80.6,49.3,58.7999992,32.9,69.3,0,3.7,2.3,19.3,0.9,35.8,77.8,106,23,59.4,27.5,48,2.45478,276986.00,20002.00,0.7,0.9,1.6
49,63,1400,2,370630000000,Block Group 2,370630000000,44 - 370630014002,"44 - Tract: 001400, BG: 2",44 - 0014002,370630000000,2932,58.7,177,402,161,0.55422,44.3,1950,10,1625,10.7,1.7,85.2,0.1,2.3,26.3,25.1,37,8.7,14877.00,9419.00,71.8,44.6,53.7000008,41.6,36.9,2.1,2.3,0,70.1,0,0,98.8,98,28,37.2,44,49,0.55422,252010.00,46912.00,1.4,5.5,27.8
50,63,1100,1,370630000000,Block Group 1,370630000000,37 - 370630011001,"37 - Tract: 001100, BG: 1",37 - 0011001,370630000000,7128,57.5,351,597,275,0.27316,35.3,1940,1.2,1947,29.4,7.1,61.6,0.2,1.7,52.9,35.4,27.5,7.3,16339.00,10366.00,91.8,47.7,27.2999992,21.5,37.3,0,0,6,39.7,0,1.5,100,317,75,37.9,45.7,50,0.27316,3205574.00,3816417.00,2,5.7,40.2
51,63,2017,2,370630000000,Block Group 2,370630000000,117 - 370630020172,"117 - Tract: 002017, BG: 2",117 - 0020172,370630000000,1468,19.8,4,48,1,0.9122,18.4,1982,2,1339,3.2,79.7,6.9,7.9,2.2,35.3,52.3,17.7,22.3,80052.00,48200.00,8.9,29.5,37.7000008,14.6,64.2,14.3,0,6,0,0,26.7,31,21,0,62.8,26.8,51,0.9122,0.00,686639.00,0,0.6,0
52,63,2300,1,370630000000,Block Group 1,370630000000,151 - 370630023001,"151 - Tract: 002300, BG: 1",151 - 0023001,370630000000,4607,84.2,164,423,164,0.25047,28.7,1959,17.1,1154,8.8,6.9,83.6,0.1,0.6,28.8,29.8,16.4,7.5,16341.00,8034.00,87.9,55.7,0,22,63.6,0,20.6,0,74.6,8.2,67.9,100,421,94,32.4,45.2,52,0.25047,46238509.00,803168.00,0.6,7.9,3.4
53,63,2300,2,370630000000,Block Group 2,370630000000,152 - 370630023002,"152 - Tract: 002300, BG: 2",152 - 0023002,370630000000,790,71.9,58,424,85,0.22395,51.4,1975,0,177,33.9,0,65.5,0,0.6,45.8,27.4,25.4,10.2,35563.00,6557.00,1,35.5,0,0,0,0,0,0,100,94.9,0,100,206,50,18.6,49.9,53,0.22395,66530.00,40675653.00,0,5.1,19
54,63,1802,4,370630000000,Block Group 4,370630000000,88 - 370630018024,"88 - Tract: 001802, BG: 4",88 - 0018024,370630000000,1156,7.3,17,88,6,0.77695,41,1960,14.8,898,27.3,15.9,54.6,0.4,1.8,60.3,30.9,29,8.7,41484.00,15323.00,47,44.8,41.9000015,41.3,53.2,0,0,7.1,0,0,0,90.8,54,21,66.8,17.7,54,0.77695,0.00,39255.00,1.1,9,2.8
55,63,1807,1,370630000000,Block Group 1,370630000000,91 - 370630018071,"91 - Tract: 001807, BG: 1",91 - 0018071,370630000000,2627,11.9,16,80,2,1.24336,17.3,1990,1.2,3266,25,26.7,44.6,1.4,2.2,66.6,31.3,29,10.1,45164.00,16902.00,29.9,58.2,47.7000008,18.3,78.7,0,0,6.8,1.1,1.1,1.3,45.8,82,22,56.7,21.2,55,1.24336,0.00,8284.00,0.6,1.4,0.6
56,63,1807,2,370630000000,Block Group 2,370630000000,92 - 370630018072,"92 - Tract: 001807, BG: 2",92 - 0018072,370630000000,2456,19.2,11,58,1,1.40476,4.7,1993,1,3450,8.7,26.7,59.9,2.1,2.6,56.2,37.2,28,5,78665.00,31111.00,11.2,31.3,30.5,37.1,84.7,0,0,3.3,3.4,1.8,3.4,20.4,28,11,44.8,27.5,56,1.40476,0.00,44810.00,0.3,0.2,0
57,63,1808,1,370630000000,Block Group 1,370630000000,94 - 370630018081,"94 - Tract: 001808, BG: 1",94 - 0018081,370630000000,1768,27.3,4,31,0,1.17643,8.5,1990,3.7,2080,9.6,42.8,42.1,2.8,2.7,62.9,37.5,23.8,10,91500.00,38653.00,0,0,21.5,32.9,78,0,0,11.8,7.4,0.6,3.1,0.5,0,0,51.5,26,57,1.17643,2205014.00,731986.00,0.3,0.5,0.2
58,63,1707,3,370630000000,Block Group 3,370630000000,68 - 370630017073,"68 - Tract: 001707, BG: 3",68 - 0017073,370630000000,2036,30.4,10,42,3,0.30793,5.6,1980,4.1,627,4.5,85,5.4,4.3,0.8,27.1,56.1,21.1,16.7,69864.00,43547.00,0,0,12.3999996,7.9,88.8,0,0,3.9,0,0,0,0.4,0,0,65.2,20.2,58,0.30793,0.00,240321.00,0.4,0,0.4
59,63,1710,1,370630000000,Block Group 1,370630000000,75 - 370630017101,"75 - Tract: 001710, BG: 1",75 - 0017101,370630000000,2264,18.7,31,140,17,1.14014,14.8,1987,0,2581,12.3,36.4,43,5.2,3.1,66.5,31.1,26.8,10.5,47727.00,27058.00,38.7,52.2,42,24.2,62.5,0,1.6,6.8,7.7,16.2,22.2,59,106,23,59.3,28.9,59,1.14014,0.00,87676.00,0.3,0.5,0.1
60,63,1707,1,370630000000,Block Group 1,370630000000,66 - 370630017071,"66 - Tract: 001707, BG: 1",66 - 0017071,370630000000,1581,26.8,3,40,0,0.67564,9.4,1983,4.7,1068,7.3,80.6,7.9,2.5,1.7,33.8,43.1,18.8,16.6,82237.00,38512.00,8.6,100,18.2999992,12,64.8,0,0,2.4,0,0,0,0,0,0,61.4,19.5,60,0.67564,0.00,488498.00,0.7,1.3,0.2
61,63,1706,1,370630000000,Block Group 1,370630000000,64 - 370630017061,"64 - Tract: 001706, BG: 1",64 - 0017061,370630000000,1439,15.7,8,45,3,1.60514,2.5,1993,1.7,2310,6.5,61.8,20.5,8.4,2.9,56.5,35,17.9,5.5,41576.00,32093.00,68.5,55.2,25.7999992,17,84.8,3.7,0,0,0,0,0,69.6,53,11,77.7,8.9,61,1.60514,0.00,6067414.00,0.1,0.2,0.2
62,63,2015,2,370630000000,Block Group 2,370630000000,112 - 370630020152,"112 - Tract: 002015, BG: 2",112 - 0020152,370630000000,4537,44.6,48,160,39,0.48117,48.1,1981,2.7,2183,27,31.4,30.5,7.7,3.5,73,25,21.9,5.1,31701.00,18641.00,82.9,60.7,8.8000002,11.5,54.4,0.8,5.6,0,37.6,14.4,86.1,88.2,74,11,40.8,45.8,62,0.48117,1450448.00,410201.00,0,0.2,0
63,63,1502,1,370630000000,Block Group 1,370630000000,46 - 370630015021,"46 - Tract: 001502, BG: 1",46 - 0015021,370630000000,6980,59.3,172,435,82,0.34257,56.6,1984,3.6,2391,47.5,9.7,39.7,1.9,1.2,60.7,26.4,22.2,7.9,26801.00,12565.00,93.9,44.7,29.7999992,33.6,64.6,3.6,3.7,0,65,65,96.9,100,106,22,27.8,56.7,63,0.34257,0.00,7006.00,0.1,0.2,0.3
64,63,2008,2,370630000000,Block Group 2,370630000000,104 - 370630020082,"104 - Tract: 002008, BG: 2",104 - 0020082,370630000000,1683,10.7,2,43,3,1.15681,11.9,1982,0,1947,3.4,82.3,8.7,4.1,1.5,31.2,40.3,24.7,14.8,140345.00,67261.00,7.3,20,26,14.5,88.6,0,0,5.8,0.6,18.5,4.2,14.3,101,11,70.2,19.8,64,1.15681,0.00,3352237.00,0.2,0.4,0.1
65,63,2100,1,370630000000,Block Group 1,370630000000,147 - 370630021001,"147 - Tract: 002100, BG: 1",147 - 0021001,370630000000,124,10.7,0,2,0,18.24939,28.8,1990,1.7,2270,2.5,80.9,13.3,1.2,2,32.6,46.1,20.9,16,96071.00,57842.00,7.4,24.5,30.8999996,47.7,89.6,0,0,5.8,0,0,0,0,0,0,0,0,65,18.24939,108648.00,162815.00,0,0,0
66,63,2015,1,370630000000,Block Group 1,370630000000,111 - 370630020151,"111 - Tract: 002015, BG: 1",111 - 0020151,370630000000,4532,16.8,58,197,34,0.4971,29.9,1968,5.9,2253,40.2,28.1,27.3,2.1,2.2,68.4,29.4,25.6,4.6,38688.00,19274.00,71.6,55.1,0,37.1,69.8,0,3.1,0.2,53.5,0,17.4,83.7,74,11,51.6,33.6,66,0.4971,0.00,985363.00,0.3,0.8,0.8
67,63,700,2,370630000000,Block Group 2,370630000000,26 - 370630007002,"26 - Tract: 000700, BG: 2",26 - 0007002,370630000000,1961,52.6,57,168,25,0.52529,21.5,1950,0,1030,4.4,72.6,18.3,1.8,2.8,43.6,49.9,21.7,9.4,69038.00,72619.00,17,16.1,24.1000004,17,66.3,0,0,13.2,41.7,0,41,69.8,53,11,75.4,15.4,67,0.52529,0.00,7493070.00,0.2,0.8,0
68,63,402,1,370630000000,Block Group 1,370630000000,17 - 370630004021,"17 - Tract: 000402, BG: 1",17 - 0004021,370630000000,3550,80.7,63,523,14,0.55292,52.7,1936,2.3,1963,15.2,69.4,7.6,5.2,2.5,48.7,30.2,11,5,41466.00,29861.00,79.9,46.1,20.5,18.4,62.6,2.4,6.5,12,57,0,31,88.3,155,42,39.2,48.3,68,0.55292,3360645.00,83108416.00,0.1,1.9,1
69,63,2013,3,370630000000,Block Group 3,370630000000,110 - 370630020133,"110 - Tract: 002013, BG: 3",110 - 0020133,370630000000,2290,21.3,1,28,1,0.88659,2.1,1984,3,2030,9.8,60.4,19.8,6.7,3.3,58.1,33.9,26.3,8.9,72852.00,31414.00,16.6,65.4,35.9000015,11.9,83.4,0,1.1,3.3,0,0,0,0,0,0,60,18.2,69,0.88659,0.00,158682.00,0,0.5,0
70,63,500,1,370630000000,Block Group 1,370630000000,18 - 370630005001,"18 - Tract: 000500, BG: 1",18 - 0005001,370630000000,3364,88.8,9,61,0,0.3433,66.3,1961,3.5,1155,6.9,48.4,22.9,20,1.8,66.9,21.7,2.2,16.6,5380.00,7693.00,93.4,66.7,100,3.9,31,3.4,13.8,0,2.9,0,77.8,96.9,155,42,51.4,32.4,70,0.3433,788390.00,1825534.00,0,0,0
71,63,401,3,370630000000,Block Group 3,370630000000,16 - 370630004013,"16 - Tract: 000401, BG: 3",16 - 0004013,370630000000,1292,50.6,11,143,11,0.5372,29.7,1946,0,694,6.9,80,6.5,4,2.6,35,36.9,17.9,10.1,80068.00,34033.00,43.2,25,22.7000008,17.4,60.9,5.7,2.6,16.9,26.8,9.9,16.9,60.9,106,22,37.9,33.8,71,0.5372,828038.00,617119.00,0,2.3,0.3
72,63,1002,4,370630000000,Block Group 4,370630000000,36 - 370630010024,"36 - Tract: 001002, BG: 4",36 - 0010024,370630000000,7130,36.1,176,600,187,0.18176,22.8,1948,12.2,1296,54.5,6.7,37.4,0.2,1.2,55.9,31.2,31.6,5.9,28272.00,9585.00,66.3,70.8,34,32,55.9,0,0,4.3,1.4,13.6,0,97.5,135,21,60.5,30.2,72,0.18176,0.00,1438534.00,2.9,9.9,5.2
73,63,500,2,370630000000,Block Group 2,370630000000,19 - 370630005002,"19 - Tract: 000500, BG: 2",19 - 0005002,370630000000,3244,52.3,72,200,33,0.18001,32.3,1930,0,584,12,50.9,31.2,2.2,3.8,63,31.5,12.7,4.6,24573.00,26020.00,69.9,55.9,0,18.4,33.3,2.7,15.5,6.5,61.1,0,0,100,208,53,59.9,32.9,73,0.18001,2677882.00,1258133.00,1.1,5.8,0.5
74,63,1601,2,370630000000,Block Group 2,370630000000,52 - 370630016012,"52 - Tract: 001601, BG: 2",52 - 0016012,370630000000,1164,1.7,5,25,1,2.56394,14.3,1986,0,2984,4.4,55.1,35.3,3,2.2,56.9,39,25.2,8.6,70645.00,32042.00,2.3,100,28.2999992,26.1,80.6,0,0,2.9,2.8,2.6,0,8,26,0,70.9,15.8,74,2.56394,168436.00,152202.00,0.2,0.9,0.2
75,63,301,1,370630000000,Block Group 1,370630000000,8 - 370630003011,"8 - Tract: 000301, BG: 1",8 - 0003011,370630000000,3042,82.8,113,946,27,0.33501,33.8,1950,5.6,1019,20.2,26.5,48.2,1.7,3.4,65.6,33.8,23,5.9,34389.00,20427.00,75.3,35.9,55,22.5,82,0,0,0,64.3,46.4,57,93.9,53,11,33.4,55,75,0.33501,1651658.00,162080.00,0.6,2.3,1
76,63,401,2,370630000000,Block Group 2,370630000000,15 - 370630004012,"15 - Tract: 000401, BG: 2",15 - 0004012,370630000000,3306,34.7,0,121,7,0.28157,11.6,1943,2.1,931,4.6,84.7,4.2,4.2,2.3,27.6,48.5,18.8,9.6,69327.00,37638.00,15.6,62.7,20.2999992,21.4,77.7,3.7,0,5.5,8.1,3.1,3.8,29.6,53,11,68,21.1,76,0.28157,31608.00,3846289.00,0.2,0.9,0
77,63,102,1,370630000000,Block Group 1,370630000000,3 - 370630001021,"3 - Tract: 000102, BG: 1",3 - 0001021,370630000000,4190,53.8,102,240,45,0.61689,22.5,1958,9.5,2585,37,25,34.7,0.8,2.4,68,33,27.1,6.4,31495.00,20109.00,50.5,65,43.9000015,38.3,76.2,1.2,0,3.9,17,3.8,5.5,74.9,80,22,56.9,29.4,77,0.61689,0.00,22404.00,0.3,1,1.2
78,63,302,3,370630000000,Block Group 3,370630000000,13 - 370630003023,"13 - Tract: 000302, BG: 3",13 - 0003023,370630000000,5980,85.1,109,445,31,0.25634,17.6,1942,0,1533,20.4,58.1,15.9,2.6,3.1,59.5,32.2,18.5,5.9,21828.00,26554.00,76.3,68.5,19.3999996,14,64.3,2.4,12.2,1.5,13.1,0,0,96.3,106,22,62.4,30.4,78,0.25634,0.00,6015069.00,0,1.3,1.3
79,63,302,1,370630000000,Block Group 1,370630000000,11 - 370630003021,"11 - Tract: 000302, BG: 1",11 - 0003021,370630000000,3313,38.5,17,157,0,0.23515,13.3,1952,0,779,7.1,77.7,10,2.3,3,38.1,38.9,17.7,9.6,85469.00,52786.00,5.8,100,25.6000004,32.1,67.9,6.8,0,16.5,0,0,64.6,76.1,53,11,76.6,19,79,0.23515,0.00,3033164.00,0.5,0.8,0.5
80,63,302,2,370630000000,Block Group 2,370630000000,12 - 370630003022,"12 - Tract: 000302, BG: 2",12 - 0003022,370630000000,6426,40,63,352,12,0.17336,17.9,1945,9.8,1114,29.2,50.4,15.6,2.4,2.3,63.6,29.8,23.6,4.1,50682.00,31090.00,62.6,57.3,10.1999998,20.9,76.3,7.3,3,0.9,0,0,0,68.4,53,11,70.5,23.4,80,0.17336,0.00,3149184.00,0,1.4,1
81,63,500,3,370630000000,Block Group 3,370630000000,20 - 370630005003,"20 - Tract: 000500, BG: 3",20 - 0005003,370630000000,8149,40.1,183,398,145,0.15818,39.3,1956,8.7,1289,38.4,7.8,49.7,2.4,1.7,59.9,28.3,25.9,3.3,25393.00,17745.00,75,42,70.5999985,34,51.7,3.4,8,0,35.2,0,0,100,127,22,49.9,36.2,81,0.15818,271545.00,2127770.00,0.9,4.3,5.3
82,63,401,1,370630000000,Block Group 1,370630000000,14 - 370630004011,"14 - Tract: 000401, BG: 1",14 - 0004011,370630000000,1810,32,30,177,56,0.49615,29.2,1951,0,898,11.2,70,13.6,1.8,3.3,47.8,43.5,22.7,11.1,50917.00,40977.00,34.7,59.7,17.7999992,27.1,70.6,2.6,0,8.4,55.6,40.7,44.6,65.8,53,11,58.7,27.7,82,0.49615,945266.00,457628.00,0.2,4.3,0.4
83,63,900,2,370630000000,Block Group 2,370630000000,29 - 370630009002,"29 - Tract: 000900, BG: 2",29 - 0009002,370630000000,4431,49.3,250,480,123,0.19567,28.1,1942,12.4,867,14.3,3,79.6,1,2.1,34.5,27.5,27.1,8.4,16033.00,11882.00,66.7,77.9,32.7999992,18.7,70.7,0,0,0,0,0,0.4,100,53,12,47.7,37.9,83,0.19567,0.00,380938.00,2.2,20.5,21.6
84,63,700,3,370630000000,Block Group 3,370630000000,27 - 370630007003,"27 - Tract: 000700, BG: 3",27 - 0007003,370630000000,2514,13.4,19,109,16,0.43046,9.6,1968,0,1082,4.3,47.6,43.9,1.6,2.7,57.9,39.6,22.3,10.1,58611.00,37818.00,23.8,38.9,37.2999992,12.2,80.7,1.1,0,7.7,0,0,0,45,53,11,73.9,17.7,84,0.43046,0.00,1715872.00,0.6,1.6,0.8
85,63,900,1,370630000000,Block Group 1,370630000000,28 - 370630009001,"28 - Tract: 000900, BG: 1",28 - 0009001,370630000000,4000,34.8,180,414,140,0.20024,34.4,1949,10.2,801,41.4,4.5,52.3,0,1.7,55.3,28.8,30.2,8,27266.00,11519.00,89.5,45.2,100,15.1,72.3,0,0,0,0.8,6,0,91.8,53,12,51.4,33.8,85,0.20024,4290634.00,28964.00,2.2,15.6,15.9
86,63,301,2,370630000000,Block Group 2,370630000000,9 - 370630003012,"9 - Tract: 000301, BG: 2",9 - 0003012,370630000000,7162,93,167,325,98,0.10165,17.6,1952,7.8,728,24.3,25.5,46.3,1.9,1.9,66.2,40.2,22.7,6,51667.00,20726.00,40.1,56.6,18.5,21,39.3,13.8,22.5,1.9,0,0,32.4,100,53,11,62.7,30.5,86,0.10165,0.00,482190.00,0.6,4,3.1
87,63,200,3,370630000000,Block Group 3,370630000000,7 - 370630002003,"7 - Tract: 000200, BG: 3",7 - 0002003,370630000000,3781,70.9,62,206,39,0.25756,14.7,1939,0,974,17.4,61.6,17.8,1,2.3,55.9,33.4,16.7,7.6,52857.00,30752.00,42.2,80.4,21.2999992,31.6,70.8,3.3,5.3,4.3,35.4,0,0.2,93.7,53,11,68.2,23.9,87,0.25756,0.00,2262775.00,0.5,1.9,1.2
88,63,1001,1,370630000000,Block Group 1,370630000000,30 - 370630010011,"30 - Tract: 001001, BG: 1",30 - 0010011,370630000000,4496,72.8,287,743,435,0.19526,31.7,1947,16.4,878,21.3,9.3,67.5,0,1.8,49,35.1,26.2,8,31423.00,14283.00,65,52.4,72.6999969,31.5,43.7,0,3.1,0,27.9,0,0,97.2,135,21,40.6,38.8,88,0.19526,0.00,1863838.00,2,13.3,38.7
89,63,1303,2,370630000000,Block Group 2,370630000000,41 - 370630013032,"41 - Tract: 001303, BG: 2",41 - 0013032,370630000000,3818,71.3,138,193,34,0.14537,16.5,1954,6.9,555,2.2,0.2,93.5,0.2,4,12.5,54.4,18,21.6,36964.00,29312.00,43.1,43.2,50.5999985,31.7,59.1,0,0,0,4.2,0,0,100,108,22,58.7,29.8,89,0.14537,0.00,304719.00,0,5.2,4.8
90,63,2016,1,370630000000,Block Group 1,370630000000,114 - 370630020161,"114 - Tract: 002016, BG: 1",114 - 0020161,370630000000,6201,35.7,79,290,31,0.52056,61.2,1980,0,3228,42.8,19.1,27.9,8,2.2,69.6,27,21.8,1.5,31037.00,16312.00,1,46.8,0,39.6,66.5,0,0.5,0,49.1,20.6,20.6,97.3,96,11,52.2,36.9,90,0.52056,107385.00,84524.00,0,0.1,0.9
91,63,1001,3,370630000000,Block Group 3,370630000000,32 - 370630010013,"32 - Tract: 001001, BG: 3",32 - 0010013,370630000000,2844,47.5,117,353,46,0.45322,49.1,1941,22,1289,22,7.4,68.8,0,1.8,47.3,33.3,31.9,7.9,18563.00,7690.00,79.1,75.3,20.7999992,25.1,67,0,0,0,0,0,0,85,66,27,45.2,41.4,91,0.45322,3989.00,479847.00,1.6,16.3,7.7
92,63,1400,1,370630000000,Block Group 1,370630000000,43 - 370630014001,"43 - Tract: 001400, BG: 1",43 - 0014001,370630000000,5530,67.9,405,731,320,0.17792,17.6,1960,4.3,984,3.4,0.5,94.9,0,1.2,9.8,25.1,32.3,9.7,16219.00,9787.00,83.4,43,23.5,0,54.6,0,8.8,0,52.2,0,0,100,86,22,59.2,27,92,0.17792,0.00,556420.00,1.8,4.5,32.1
93,63,1303,1,370630000000,Block Group 1,370630000000,40 - 370630013031,"40 - Tract: 001303, BG: 1",40 - 0013031,370630000000,7204,77.8,83,208,44,0.43325,36.6,1955,22.9,3121,3,2.1,92.8,0,2.1,13.8,19.6,6.2,6.6,26333.00,7089.00,59.4,48,71.0999985,13.9,36.9,0,35.4,7.6,0,0,0,100,194,44,31.6,49.6,93,0.43325,0.00,6463.00,0.4,8.3,6.2
94,63,2007,3,370630000000,Block Group 3,370630000000,102 - 370630020073,"102 - Tract: 002007, BG: 3",102 - 0020073,370630000000,2288,11.3,3,62,3,0.35658,3.3,1979,0,816,5.8,36.6,51.3,2.6,3.7,59.8,35.5,18.9,15.6,79038.00,36348.00,13.7,100,43.7000008,24.6,74.9,0,0,14,0,0,0,0,0,0,69.6,21,94,0.35658,0.00,1007054.00,1.9,4.5,0.3
95,63,2009,3,370630000000,Block Group 3,370630000000,107 - 370630020093,"107 - Tract: 002009, BG: 3",107 - 0020093,370630000000,1865,37.3,44,238,26,0.89135,16.8,1973,9,1662,7.3,2.1,88.6,0.5,1.4,20.9,37.6,23.2,18,44797.00,20332.00,39.1,61.4,44.2999992,32.8,64.7,0,0,3.8,13.3,1.3,0,46.6,108,22,61.8,23.4,95,0.89135,10097.00,67762.00,1,6.2,1.7
96,63,1304,1,370630000000,Block Group 1,370630000000,42 - 370630013041,"42 - Tract: 001304, BG: 1",42 - 0013041,370630000000,3830,86.9,154,255,111,0.66764,30.1,1961,8.1,2557,11.8,1.5,84.4,0.1,2.2,27.3,32.4,30.2,13.4,22679.00,13122.00,68.7,49,19.2999992,37.8,61.1,0,1.1,2.3,49.9,0,0,100,108,22,56.5,29,96,0.66764,1131825.00,348482.00,0.7,4.9,1.5
97,63,1301,1,370630000000,Block Group 1,370630000000,39 - 370630013011,"39 - Tract: 001301, BG: 1",39 - 0013011,370630000000,3999,65.7,284,549,121,0.28209,27.2,1939,4,1128,7.1,2.3,88.3,0.3,2,21.5,28.2,20.5,11.1,13986.00,11325.00,66.8,67.9,25.3999996,31.9,62.9,0,12.8,0,41.6,1.2,2.4,100,161,33,51,35.7,97,0.28209,0.00,287044.00,1.5,14.7,15.7
98,63,2013,2,370630000000,Block Group 2,370630000000,109 - 370630020132,"109 - Tract: 002013, BG: 2",109 - 0020132,370630000000,1580,20.9,9,60,2,0.56834,17.6,1965,3,898,8.4,56.9,26.5,3.9,4.3,59.7,36.6,21.2,9.5,65278.00,24765.00,39.9,41.1,10.1999998,21.2,74.6,0,1.8,1.7,6,0,0,21.4,26,0,70.3,11.8,98,0.56834,7439.00,191271.00,0,0.7,0.2
99,63,1709,1,370630000000,Block Group 1,370630000000,72 - 370630017091,"72 - Tract: 001709, BG: 1",72 - 0017091,370630000000,2476,4.3,54,117,28,0.39208,25.2,1971,6.3,971,12.9,3.6,81.3,0.6,1.6,32.2,30,28.9,9.4,35603.00,13578.00,62.1,72.3,52.9000015,14.4,58,0,0,0,0,0,37.5,95.7,53,12,61.6,23.9,99,0.39208,0.00,0.00,2.1,3.6,3
100,63,2007,1,370630000000,Block Group 1,370630000000,100 - 370630020071,"100 - Tract: 002007, BG: 1",100 - 0020071,370630000000,2547,9.7,7,84,6,0.68008,8.6,1977,0.8,1732,4.9,66.6,24.7,2.7,1.2,49.3,41.4,18.3,19.4,91489.00,39037.00,9.6,0,16.1000004,22,83,2.1,0,2.2,0,0,0.8,2.6,0,0,69.3,19.8,100,0.68008,0.00,334618.00,0.1,0.4,0
101,63,1001,2,370630000000,Block Group 2,370630000000,31 - 370630010012,"31 - Tract: 001001, BG: 2",31 - 0010012,370630000000,5541,80.5,205,512,124,0.23443,23,1936,12.4,1299,28.7,8.7,61,0.2,1.5,53.9,33.9,34,6.8,16391.00,11838.00,55.4,72.1,81.0999985,43.6,81.8,0,0,0,14.4,0,0,95.6,54,21,52.9,34,101,0.23443,0.00,1335786.00,2.8,12.9,16.8
102,63,101,1,370630000000,Block Group 1,370630000000,1 - 370630001011,"1 - Tract: 000101, BG: 1",1 - 0001011,370630000000,1760,33.6,60,219,33,0.71663,32,1948,7.2,1261,23.3,43.3,30.1,1.4,1.9,66.8,40.9,21.6,9.9,43125.00,25145.00,44.2,55.1,13.8999996,8.6,89,0,0,2.6,47.8,0,6.5,100,106,23,60,26.7,102,0.71663,405815.00,48490.00,1.7,7.7,1
103,63,1801,4,370630000000,Block Group 4,370630000000,83 - 370630018014,"83 - Tract: 001801, BG: 4",83 - 0018014,370630000000,459,12.6,9,98,1,2.78789,37.4,1977,4.7,1279,25.1,32.9,40,0.4,1.6,66.9,26.6,28.9,10.4,50321.00,12815.00,0,0,36.7999992,56.3,62.5,0,0,0,0,3.5,0,38.9,106,23,60.4,17.2,103,2.78789,1686.00,112411.00,0.5,4.4,0.5
104,63,1002,1,370630000000,Block Group 1,370630000000,33 - 370630010021,"33 - Tract: 001002, BG: 1",33 - 0010021,370630000000,4796,22.4,165,383,142,0.63488,48.2,1964,17.2,3045,40.8,4.4,52.5,0.6,1.7,55.6,30,35.1,6.3,22576.00,10189.00,81.8,56.7,83.9000015,23.5,39.9,0,3.2,6.1,11.9,14.1,0,98.2,135,32,47.3,36.8,104,0.63488,0.00,17326.00,1.3,2.9,1.9
105,63,1802,3,370630000000,Block Group 3,370630000000,87 - 370630018023,"87 - Tract: 001802, BG: 3",87 - 0018023,370630000000,2271,16.7,47,182,18,0.95813,24.3,1980,7.1,2176,13.4,9,74.4,0.9,2.3,42,31,32.7,7.7,36217.00,16161.00,33.7,57,54.7000008,24.8,76.1,0,1.2,2.4,7.5,0,0,53.4,109,32,59.2,25.1,105,0.95813,165591.00,187831.00,0.3,2.3,0.6
106,63,1002,3,370630000000,Block Group 3,370630000000,35 - 370630010023,"35 - Tract: 001002, BG: 3",35 - 0010023,370630000000,6580,49.5,210,832,148,0.12857,27.6,1945,0,846,38.9,9,50.6,0,1.5,58.5,29.9,29.3,5,29904.00,13168.00,76.5,29.8,73.6999969,66.1,44.8,0,0,4.5,10,22.7,0,100,135,21,57.1,32.9,106,0.12857,0.00,135951.00,2.2,7.3,2.7
107,63,1002,2,370630000000,Block Group 2,370630000000,34 - 370630010022,"34 - Tract: 001002, BG: 2",34 - 0010022,370630000000,2264,28.2,55,351,63,0.34764,41.7,1963,14.2,787,27.6,9.8,61.2,0,1.4,54,30.2,28.1,8,18050.00,11560.00,82.9,56,0,31.2,58.6,0,0,20.7,18.5,8,0,60,135,21,48.1,31.6,107,0.34764,827065.00,0.00,0.6,1.2,1.2
108,63,1709,2,370630000000,Block Group 2,370630000000,73 - 370630017092,"73 - Tract: 001709, BG: 2",73 - 0017092,370630000000,2777,27.5,54,111,43,0.35111,33.1,1978,11.2,975,5.1,0.5,93.2,0,1.1,12.8,28.1,28.9,9.9,35579.00,11133.00,73.5,40.3,16.7000008,20.5,72.3,0,0,0,2.3,0,0,99.7,53,12,68,21.4,108,0.35111,0.00,90318.00,1.4,3.7,1.1
109,63,2018,1,370630000000,Block Group 1,370630000000,119 - 370630020181,"119 - Tract: 002018, BG: 1",119 - 0020181,370630000000,1278,8.1,1,19,1,1.82144,7.3,1994,0,2327,4.6,83.1,7.3,3.7,1.4,30.1,58,12.7,31.9,83333.00,67628.00,34.2,46.8,33.2999992,17.1,81.5,0,0,3.7,0,37.7,40.6,0.4,53,11,61.1,25.1,109,1.82144,20280.00,3872935.00,0,0,2.7
110,63,200,1,370630000000,Block Group 1,370630000000,5 - 370630002001,"5 - Tract: 000200, BG: 1",5 - 0002001,370630000000,1206,39.6,27,198,35,0.71368,53.8,1951,17.7,861,13.5,34,49.1,0.2,3.1,62.5,38.7,21,7.3,31563.00,20785.00,65.5,61.5,45.5,40.1,74.1,0,8.7,9.5,42.2,2.4,37.9,86.9,186,44,52.5,34.7,110,0.71368,0.00,474515.00,1.3,2.4,0.6
111,63,2009,1,370630000000,Block Group 1,370630000000,105 - 370630020091,"105 - Tract: 002009, BG: 1",105 - 0020091,370630000000,1461,43,25,107,15,1.30298,33.6,1972,1.3,1904,17.2,1.8,79,0.1,1.9,34.6,39.4,24.8,14.9,47550.00,16775.00,31.7,49.1,32,15.5,67.2,0,0,4.6,0,0,0,97.4,98,28,54.8,30.6,111,1.30298,0.00,12663.00,1.1,3.1,15.6
112,63,2009,2,370630000000,Block Group 2,370630000000,106 - 370630020092,"106 - Tract: 002009, BG: 2",106 - 0020092,370630000000,1712,22.7,44,95,31,0.6538,20.4,1971,4.8,1119,12.8,1.4,83.8,0,2,28.1,44.4,24.3,18.1,42788.00,20601.00,40.3,13.1,45.7000008,36.5,73.8,0,2.3,0,16.3,0,0,82.6,141,33,60.4,26.1,112,0.6538,0.00,3061.00,1.3,4,1.5
113,63,1603,3,370630000000,Block Group 3,370630000000,56 - 370630016033,"56 - Tract: 001603, BG: 3",56 - 0016033,370630000000,663,1.1,6,29,1,1.85067,12,1973,10.3,1227,5.4,77.8,12.6,2,2.3,37.6,50.1,17.9,21.3,63917.00,33392.00,12.3,46.8,30.7000008,54.2,84.4,0,0,5,0,0,0,5.6,26,0,64.7,13.7,113,1.85067,0.00,26174.00,0,0,0
114,63,2100,2,370630000000,Block Group 2,370630000000,148 - 370630021002,"148 - Tract: 002100, BG: 2",148 - 0021002,370630000000,65,0,0,2,0,33.80691,45.6,1979,0,2193,3.2,78.4,14.8,1.8,1.8,36.2,39.9,22.5,12.2,74817.00,21984.00,13.5,49.2,25.7999992,50.8,89.2,0,0,0.9,0,0,0,0,0,0,0,0,114,33.80691,0.00,33647.00,0,0,0
115,63,1604,2,370630000000,Block Group 2,370630000000,59 - 370630016042,"59 - Tract: 001604, BG: 2",59 - 0016042,370630000000,1029,3.8,3,12,0,2.76175,8.7,1981,1.7,2842,2.3,83.1,12.1,1.2,1.3,29.3,45.3,22.8,16.5,93377.00,39242.00,5.1,75.9,23.5,31.7,92.9,0,0,4.9,0,0,0,0,0,0,72.4,13.7,115,2.76175,0.00,327979.00,0,0,0
116,63,2013,1,370630000000,Block Group 1,370630000000,108 - 370630020131,"108 - Tract: 002013, BG: 1",108 - 0020131,370630000000,2470,7.1,0,46,2,0.62871,2.7,1980,4,1553,10.9,49.8,34.7,1.9,2.6,61.9,35.5,23.7,10.4,77652.00,35132.00,21,57.9,17.7999992,15.8,81,0,2.8,5.9,0,1.9,0,4.5,0,0,65.5,16.7,116,0.62871,0.00,198674.00,0.3,0.7,0.4
117,63,1705,2,370630000000,Block Group 2,370630000000,62 - 370630017052,"62 - Tract: 001705, BG: 2",62 - 0017052,370630000000,1201,22,7,73,9,1.27805,45.6,1970,2.1,1535,6.8,70.1,17.5,3.7,2,47.2,49.7,16.7,28.5,45117.00,46437.00,62.7,40.3,24.2999992,12.7,69.2,0,4.5,6.6,0,54.2,45.2,85.5,53,11,49.2,25.9,117,1.27805,7914194.00,364098.00,0.1,0.8,0.1
118,63,1801,5,370630000000,Block Group 5,370630000000,84 - 370630018015,"84 - Tract: 001801, BG: 5",84 - 0018015,370630000000,67,0,1,3,0,11.19956,51.4,1964,0,746,13,65.8,18.5,0.3,2.4,51.6,55.9,18.8,18.1,45990.00,26008.00,12.2,0,38.2000008,37.2,77.9,0,14.1,0,0,0,0,0,0,0,0,0,118,11.19956,2758.00,7777.00,0,0,0
119,63,1711,2,370630000000,Block Group 2,370630000000,78 - 370630017112,"78 - Tract: 001711, BG: 2",78 - 0017112,370630000000,4897,35.1,85,309,27,0.32997,14,1984,0,1616,29,14.8,52.7,1.2,2.3,61.6,32.2,28.2,3.8,33342.00,18177.00,94.2,20.8,0,17.7,90.5,0.8,0,0,9.4,9.4,0,100,53,23,49.5,28.2,119,0.32997,0.00,83067.00,0.8,0.4,1.2
120,63,1705,3,370630000000,Block Group 3,370630000000,63 - 370630017053,"63 - Tract: 001705, BG: 3",63 - 0017053,370630000000,1684,32.3,33,178,22,0.81545,18,1984,0,1373,14.5,42.9,35.3,4.1,3.3,66.9,31.7,21.8,7.7,41378.00,30903.00,55.5,47.7,29.7999992,21.2,83.4,0,0,2.3,14.6,61,0,81.3,53,11,59.9,30.9,120,0.81545,342752.00,3985.00,1,3.7,0.6
121,63,500,4,370630000000,Block Group 4,370630000000,21 - 370630005004,"21 - Tract: 000500, BG: 4",21 - 0005004,370630000000,5813,42.1,175,322,147,0.18322,36.3,1950,8.3,1065,19.2,6.4,71,0.2,3.2,45.5,32.1,31.4,7.5,17019.00,10155.00,63.9,92.7,61.0999985,19.2,53.1,0,0,0,33.4,0,0,89.8,74,11,57.1,33.3,121,0.18322,881962.00,869240.00,3,6.3,4.3
122,63,600,1,370630000000,Block Group 1,370630000000,22 - 370630006001,"22 - Tract: 000600, BG: 1",22 - 0006001,370630000000,3520,12,43,246,23,0.69061,29.1,1956,4.2,2431,17.7,41.8,35.3,1.9,3.4,66.9,35.7,22.1,8.5,53333.00,25209.00,40.3,39.8,25.5,30.6,72.6,0.6,0,13.6,12.2,0,42.6,87.9,74,11,62.6,27.6,122,0.69061,217920.00,2212669.00,1.4,4.2,0.3
123,63,101,2,370630000000,Block Group 2,370630000000,2 - 370630001012,"2 - Tract: 000101, BG: 2",2 - 0001012,370630000000,3157,22.1,82,269,33,0.59903,33.5,1967,9,1891,15.2,15.5,65.6,1,2.6,52.2,32.7,29.5,8.9,37763.00,16148.00,34.5,64.8,47.5,19,74.1,0,2.6,0,7.1,0,5.1,90.7,106,23,63.1,25.6,123,0.59903,50080.00,48847.00,2.1,4.8,1.5
124,63,1809,2,370630000000,Block Group 2,370630000000,97 - 370630018092,"97 - Tract: 001809, BG: 2",97 - 0018092,370630000000,1438,23.6,8,39,1,1.85217,27.7,1984,7.1,2664,9.1,52,34.4,2.2,2.4,60.3,30.8,23.9,6.8,57832.00,29818.00,33.4,64.1,28.2999992,14.8,82.5,0,0.4,1.1,0,0,0.5,36.2,39,17,49.6,21.2,124,1.85217,0.00,1674235.00,0.1,0.4,0.2
125,63,2019,2,370630000000,Block Group 2,370630000000,123 - 370630020192,"123 - Tract: 002019, BG: 2",123 - 0020192,370630000000,321,9.6,1,5,0,4.78973,17.8,1987,0,1536,4.6,74.9,6.9,10.6,3,42,27.2,9.6,5.1,44152.00,36089.00,60.1,46.7,18.7999992,26.1,72,1.9,2.4,1.8,0,0,0,0,0,0,79.2,6.1,125,4.78973,0.00,2954863.00,0,0,0
126,63,2200,1,370630000000,Block Group 1,370630000000,150 - 370630022001,"150 - Tract: 002200, BG: 1",150 - 0022001,370630000000,3276,110.9,123,694,49,0.59394,62.5,1963,0.8,1946,10.9,51.3,32.3,2.7,2.8,62,31.8,12.8,3.4,41827.00,28944.00,77.5,51.2,29.5,26.6,58.2,0.9,14.2,2.3,37.7,0.8,23,100,476,108,16.7,67.6,126,0.59394,7506645.00,3953848.00,1.4,3.8,2.2
127,63,2020,2,370630000000,Block Group 2,370630000000,126 - 370630020202,"126 - Tract: 002020, BG: 2",126 - 0020202,370630000000,1066,36.7,2,10,0,3.62337,7.8,1999,0,3862,3.4,56.5,28.7,8.4,3,59,36.9,27.8,6.9,105667.00,48028.00,0.9,0,25.7999992,14.1,80.7,0,1.1,10.3,0,0,0,0,0,0,64.5,15.2,127,3.62337,0.00,3210003.00,0,0.1,0
128,63,2026,2,370630000000,Block Group 2,370630000000,140 - 370630020262,"140 - Tract: 002026, BG: 2",140 - 0020262,370630000000,2171,38.4,32,149,15,1.63391,23.6,1990,0.8,3548,14.4,12,70.1,1.6,1.9,47.3,29.2,20.2,7.9,42946.00,21405.00,59.6,43.2,56.2999992,19.1,77.2,0,0,0.4,0,0,0,73.6,194,44,62.1,27.2,128,1.63391,0.00,1810977.00,0.1,0.2,0.4
129,63,2027,1,370630000000,Block Group 1,370630000000,141 - 370630020271,"141 - Tract: 002027, BG: 1",141 - 0020271,370630000000,538,19.8,4,25,0,2.73568,35.9,1974,2.3,1473,25.1,37.5,32,2.7,2.7,69.3,28.4,26.1,11.5,48703.00,14336.00,37.4,6,70.9000015,9.2,83.4,0,0,0,0,0,4.4,11.8,12,6,56,25.4,129,2.73568,447376.00,1711248.00,0.3,3.3,1.1
130,63,102,2,370630000000,Block Group 2,370630000000,4 - 370630001022,"4 - Tract: 000102, BG: 2",4 - 0001022,370630000000,2089,24,45,215,6,0.93327,30.2,1954,1.7,1950,17.2,45.1,33.3,2.3,2.1,65.6,43.7,20.6,17.8,38558.00,20709.00,46,54.9,46.7999992,41.2,76.2,0,1.6,3.8,23.7,33.2,36.2,69.5,107,34,53.5,31.6,130,0.93327,525894.00,202165.00,0.8,4.3,0.5
131,63,600,3,370630000000,Block Group 3,370630000000,24 - 370630006003,"24 - Tract: 000600, BG: 3",24 - 0006003,370630000000,365,16.3,5,19,1,1.41908,14.8,1961,0,518,2.9,84.9,7.5,3.5,1.2,27.1,60.6,19.1,26.6,160517.00,102164.00,0,0,15.1999998,15.4,89.9,0,0,0,0,0,0,11.5,127,22,74.3,8.7,131,1.41908,0.00,667877.00,0,0.5,0
132,63,1502,3,370630000000,Block Group 3,370630000000,48 - 370630015023,"48 - Tract: 001502, BG: 3",48 - 0015023,370630000000,6496,50.9,83,353,55,0.32588,30.9,1994,0,2117,18,20.5,32.3,26.8,2.4,75,25.5,18.6,2.2,27382.00,13915.00,98.8,33.2,0,22.5,29.3,0,46.8,0,0,0,57.9,100,106,22,33.5,49.3,132,0.32588,2508098.00,135362189.00,0.1,0,0.2
133,63,1502,4,370630000000,Block Group 4,370630000000,49 - 370630015024,"49 - Tract: 001502, BG: 4",49 - 0015024,370630000000,2123,24.4,159,505,89,0.21389,73.9,1970,17.3,454,14.3,7.3,71.8,4.4,2.2,45.7,24.6,13,8.1,12835.00,9225.00,1,7.5,0,36.3,63.7,0,4.9,0,0,0,93.3,100,53,11,45.1,38.7,133,0.21389,85012.00,155111.00,0,0,0.5
134,63,1706,2,370630000000,Block Group 2,370630000000,65 - 370630017062,"65 - Tract: 001706, BG: 2",65 - 0017062,370630000000,2800,10.3,7,93,4,0.66749,12.6,1982,0,1869,10.6,54.4,25.3,7.1,2.7,62.4,31.6,17.5,7.2,47450.00,31275.00,42,39.7,35.7999992,16.2,81.5,0,1.1,4.8,6.9,15.6,15.7,64.9,53,11,50.5,27.1,134,0.66749,105891.00,330617.00,0.5,0.6,0.1
135,63,1707,4,370630000000,Block Group 4,370630000000,69 - 370630017074,"69 - Tract: 001707, BG: 4",69 - 0017074,370630000000,843,25.5,5,27,1,2.06858,10.4,1980,0,1744,5.1,81.7,9,2.8,1.5,32.2,46.3,22.6,13.1,72340.00,44110.00,4.2,0,27.6000004,10.4,83.6,0,0,8.3,0,0,0,3.8,27,0,76.4,11.2,135,2.06858,0.00,1507521.00,0,1.7,0.1
136,63,1707,5,370630000000,Block Group 5,370630000000,70 - 370630017075,"70 - Tract: 001707, BG: 5",70 - 0017075,370630000000,903,97.4,1,11,0,1.60039,3.7,1995,1.8,1445,2.6,88,3.3,5.4,0.8,22.2,55.8,11.8,49,70291.00,54026.00,60.6,50.4,24.7000008,19.4,77.4,0,0.7,4.3,0,0,3.7,24.8,80,11,66.3,13.4,136,1.60039,0.00,597816.00,0,0,0
137,63,1806,1,370630000000,Block Group 1,370630000000,89 - 370630018061,"89 - Tract: 001806, BG: 1",89 - 0018061,370630000000,151,2,3,6,0,11.56901,33.2,1968,6.8,1742,7.6,82.5,8.9,0.3,0.7,30.5,47.2,19.3,18.2,68281.00,25941.00,11.6,20,30.8999996,42.6,79,0,0,2,1.2,2.2,1.9,0,0,0,0,0,137,11.56901,0.00,130751.00,0,0,0
138,63,1806,2,370630000000,Block Group 2,370630000000,90 - 370630018062,"90 - Tract: 001806, BG: 2",90 - 0018062,370630000000,962,27.2,16,34,1,4.08592,10.3,1995,2.8,3930,10.7,23.4,63,0.8,2.1,53.6,32.8,31.2,6.2,62143.00,24378.00,9.6,47.3,41,34.4,91,0,0,1.6,0.8,0,0,3.4,28,11,66.8,15.2,138,4.08592,0.00,615562.00,0.8,2.5,0.2
139,63,1807,3,370630000000,Block Group 3,370630000000,93 - 370630018073,"93 - Tract: 001807, BG: 3",93 - 0018073,370630000000,2701,29.7,17,61,5,0.99973,4.7,1993,2.8,2700,10.9,13.4,72.4,0.9,2.3,44.5,33.1,30.3,3.3,52857.00,24620.00,18.2,30,34.7000008,23.1,79.5,0.8,2.3,4.4,2.2,2.7,0.2,64.2,55,11,45.9,28.7,139,0.99973,0.00,65540.00,0.6,1.4,0.3
140,63,1808,2,370630000000,Block Group 2,370630000000,95 - 370630018082,"95 - Tract: 001808, BG: 2",95 - 0018082,370630000000,506,25.7,3,24,0,5.85639,14.3,1997,3.8,2966,14.8,49.9,29.1,3.8,2.4,64.2,34.7,24.2,8.9,80357.00,33977.00,13.6,0,31,29.2,80,0,0,4,8.4,1.6,5,17.8,27,11,68.5,12.9,140,5.85639,931.00,8675966.00,0,0.7,0.1
141,63,1809,1,370630000000,Block Group 1,370630000000,96 - 370630018091,"96 - Tract: 001809, BG: 1",96 - 0018091,370630000000,862,17.5,13,50,1,2.88032,42,1973,0,2484,11.6,38.7,44.1,2.5,3.1,64.2,26,20,6.4,45192.00,19855.00,75.1,34.4,30.7999992,13.6,86.8,0,0,2.6,3,0,3.2,54.7,39,17,61.8,16.1,141,2.88032,2892805.00,4760566.00,0.1,0,0.1
142,63,2015,3,370630000000,Block Group 3,370630000000,113 - 370630020153,"113 - Tract: 002015, BG: 3",113 - 0020153,370630000000,1475,30.3,11,431,28,0.46843,34.4,1953,0,691,3.9,77.7,7.7,9.4,1.3,38,63.6,3.9,57.2,79286.00,53800.00,87,39.6,0,0,87.7,0,0,0,0,94.4,94.4,99,96,11,32.6,55.9,142,0.46843,10869416.00,518321.00,0,0,0
143,63,200,2,370630000000,Block Group 2,370630000000,6 - 370630002002,"6 - Tract: 000200, BG: 2",6 - 0002002,370630000000,5692,56.5,128,548,82,0.19519,28.4,1943,0,1111,27,23,46.5,1,2.5,65.8,37.3,20.5,5,32829.00,20183.00,59.2,76.5,38.4000015,22,49.5,1.6,0,1.1,30.6,5.8,0,100,106,23,47.1,35.9,143,0.19519,1818934.00,2717920.00,0.7,4.5,1.3
144,63,1802,1,370630000000,Block Group 1,370630000000,85 - 370630018021,"85 - Tract: 001802, BG: 1",85 - 0018021,370630000000,1427,14.4,27,112,15,1.42503,25.4,1977,4.4,2033,21.8,11.7,63.7,0.4,2.4,53.3,29.2,29.6,7.1,35139.00,14555.00,30.6,74.6,42.5999985,32.5,71.8,0,0,8.1,12.6,0,0,64.8,55,11,60.6,24.6,144,1.42503,125108.00,43437.00,1.4,2.5,2.3
145,63,2016,2,370630000000,Block Group 2,370630000000,115 - 370630020162,"115 - Tract: 002016, BG: 2",115 - 0020162,370630000000,3536,32.2,31,320,11,0.60971,41.5,1987,0,2156,27.1,31.6,30.3,8.3,2.6,72.7,29.2,19.6,5.2,37472.00,20733.00,75.7,41.5,26.1000004,14.2,67.9,0,3.7,2.9,48,63.6,74.3,84.4,96,11,33.1,53.8,145,0.60971,2698138.00,147863.00,0.1,0.3,0.4
146,63,2017,3,370630000000,Block Group 3,370630000000,118 - 370630020173,"118 - Tract: 002017, BG: 3",118 - 0020173,370630000000,1275,22.2,8,115,3,2.35763,19.5,1988,2.6,3007,5.7,71.4,8.4,12.4,2.1,46.5,34.4,21.4,12.1,62740.00,39729.00,57.6,65.1,14.8000002,16.1,78.1,0,1.2,8.9,16.7,0.1,9,37.5,74,11,63.5,25.3,146,2.35763,37003.00,60478.00,0.1,0.2,0.1
147,63,2018,3,370630000000,Block Group 3,370630000000,121 - 370630020183,"121 - Tract: 002018, BG: 3",121 - 0020183,370630000000,724,26.2,4,20,1,3.39165,23.1,1987,0,2455,6,72,11.3,7.2,3.5,45.9,41.9,23.7,11.2,104286.00,47333.00,3.7,77.1,37.5999985,20.5,85.5,0,0,5.6,0.4,2,2.3,2.8,48,0,72.1,14.4,147,3.39165,895586.00,2210647.00,0.2,0.6,0
148,63,2019,1,370630000000,Block Group 1,370630000000,122 - 370630020191,"122 - Tract: 002019, BG: 1",122 - 0020191,370630000000,735,21.8,3,26,0,1.90462,42.5,2003,2.3,1399,6.1,60.9,24.2,5.4,3.5,56.4,27.6,17.5,2.8,42417.00,28213.00,86.9,45.4,17.8999996,11.6,66.8,0,0,0,39.3,39.4,22.9,39.3,81,11,73.4,15,148,1.90462,314505.00,197170.00,0,0.1,0.1
149,63,2019,3,370630000000,Block Group 3,370630000000,124 - 370630020193,"124 - Tract: 002019, BG: 3",124 - 0020193,370630000000,1074,9.1,1,28,0,1.37192,10.5,1987,0,1473,2.6,86.5,5.3,4.1,1.6,24.7,51.2,15.8,29.1,82115.00,47024.00,4,54.8,24.2000008,16,78.8,0,0,12.2,0,0,0,0,0,0,73.6,14.6,149,1.37192,2916.00,294764.00,0,0,0
150,63,2020,1,370630000000,Block Group 1,370630000000,125 - 370630020201,"125 - Tract: 002020, BG: 1",125 - 0020201,370630000000,731,44.7,0,6,0,2.78104,16.5,2002,0,2032,3.5,67,12.8,13.3,3.4,51.5,33.8,30.3,3.9,139063.00,56980.00,5,79.5,11.5,23,78.4,0.8,0,6.4,0,0,0,0.3,81,11,77.5,10.4,150,2.78104,406689.00,1161169.00,0,0.1,0
152,63,1503,1,370630000000,Block Group 1,370630000000,50 - 370630015031,"50 - Tract: 001503, BG: 1",50 - 0015031,370630000000,11984,48.2,0,12,0,0.16195,100,0,0,1941,9,53.8,12.4,22.8,2,63.5,18.9,2.3,0.2,0.00,4050.00,1,0,0,5.5,15.9,0,47.5,7.7,0,0,0,0,155,42,48.1,35.9,152,0.16195,1152103.00,11961887.00,0,0,0
153,63,1501,1,370630000000,Block Group 1,370630000000,45 - 370630015011,"45 - Tract: 001501, BG: 1",45 - 0015011,370630000000,2902,66.9,5,1,6,1.05771,34.5,1935,0,3070,6.1,49.7,11.6,31.3,1.3,63.8,19.6,1,0,7955.00,5465.00,1,55.6,0,1.4,11.8,0,70.2,4.2,0,0,99.3,100,208,53,44.1,43.9,153,1.05771,94306372.00,436804.00,0,0,0
